Numéro d'image,Caractéristique[Gabor][DCT][Fourier][PHOG],Étiquette
22,"['[[0.44207575373510033, 0.06112336474701257], [0.13514494503357044, 0.005736214178939427], [0.29821006965736657, 0.02764043931286868], [0.0004448188186038783, 1.9840761132730502e-06], [0.4420796760307176, 0.06112454168671172], [0.1353342813084858, 0.005751055122319903], [0.3007925696137135, 0.028106781293865322], [7.164380958782524e-05, 1.1799925340132876e-06], [0.44207575373510055, 0.061124454411013524], [0.13514494503357047, 0.005742521087520377], [0.29821006965736707, 0.02764510163575693], [0.0004448188186038786, 3.4952202901794813e-06], [0.4420796760307182, 0.06112540489785322], [0.13533428130848582, 0.005754064444123787], [0.30079256961371353, 0.028120618392065387], [7.164380958782521e-05, 1.3989940001932943e-06]]', '[855.4112285969048, -20.442537483588506, -310.2874242580509, 38.25665421522305, -90.95454520886094, -30.572473076397497, -180.13324860781447, 0.42448134449704766, -40.82412988358841, 7.474239529644009, -39.906796294180445, 18.54969288769242, 5.321599080402153, 9.07815860853033, 16.78856295682217, 3.7342358213461537, 18.28048812707877, -0.1463004953262276, 15.58163042165331, -14.834530763086589]', '[56843.4369819697, 58623.47429954053, 58623.47429954054, 67503.45956903163, 67503.45956903166, 73596.83508262748, 73596.8350826275, 89575.25860737056, 89575.25860737058, 97152.16754196094, 97152.16754196094, 103773.35259504252, 103773.35259504254, 127679.50535407012, 127679.50535407012, 235688.69795062623, 235688.69795062623, 406348.7364415624, 406348.7364415624, 1574948.4392156862]']",0
21,"['[[0.5066432795967729, 0.05478058650109885], [0.15488358634063937, 0.00514002704833441], [0.34176524367930755, 0.02475592247077671], [0.0005097869837459416, 2.424314492929018e-06], [0.5066477747646212, 0.05478335444878154], [0.15510057619013742, 0.0051574954377875066], [0.3447249315526808, 0.025200925136732312], [8.210777077390392e-05, 1.159348180669061e-06], [0.5066432795967722, 0.054784414403101084], [0.15488358634063934, 0.005157206741717174], [0.34176524367930766, 0.024803156934694624], [0.0005097869837459415, 5.852445473881934e-06], [0.5066477747646214, 0.05478352571420375], [0.15510057619013742, 0.005158562727358311], [0.3447249315526811, 0.025201521033892827], [8.210777077390406e-05, 1.3321767375237193e-06]]', '[1034.9989071659413, -51.991056911112736, -282.5690997317583, 25.903791261289207, -63.10612443554069, -11.51543600196751, -175.53973252355888, 10.214315924850384, -72.53865595026483, 24.213338926777112, -45.04438793510754, 27.45266624260933, 3.119336165163458, 20.82679569517046, 18.741114314684232, 12.320865265926784, 2.023402463833817, -6.631221391673036, 9.449873640967361, -9.5994588252215]', '[86800.87126168914, 88769.3286260171, 88769.32862601714, 95984.41473858907, 95984.41473858907, 102512.2960331073, 102512.29603310734, 103694.86113368352, 103694.86113368355, 106093.27769531662, 106093.27769531665, 111031.34801987305, 111031.34801987308, 144027.85505369035, 144027.85505369035, 243805.90720897884, 243805.90720897884, 396515.21883831266, 396515.2188383127, 2011827.0313725485]']",0
8,"['[[0.48376604695636144, 0.0594970366604878], [0.14788989279018694, 0.005586982980735316], [0.32633299913383407, 0.026896321927150472], [0.0004867677986627182, 2.748197082684623e-06], [0.4837703391470773, 0.05949818322540262], [0.14809708456781184, 0.005600472454782638], [0.3291590437304696, 0.027355169449743068], [7.840023403311248e-05, 1.1454885692120378e-06], [0.4837660469563617, 0.059497826274315796], [0.1478898927901869, 0.005592007458451914], [0.3263329991338339, 0.026898673274526226], [0.0004867677986627188, 4.005963050959476e-06], [0.48377033914707684, 0.05949874298405439], [0.14809708456781176, 0.00560308967253348], [0.32915904373046984, 0.027356696327080345], [7.840023403311252e-05, 1.5380748355299792e-06]]', '[669.6910330710701, -14.66106370443006, -250.91003958026772, 2.5752798459975415, -85.9565579898416, -0.0978447864234116, -104.26859444451975, -1.454878599452305, -29.39487288991557, 2.8216797949871406, -17.16195156846497, -9.291002122096828, 1.1247902676910542, -4.376749568228186, 6.052902730044799, -0.003186667999199785, 7.545120809752186, 1.429793755274976, 6.597169155321433, 5.368634626610083]', '[27522.68563373583, 29132.962645818297, 29132.9626458183, 31175.720602526984, 31175.72060252699, 31291.373950595796, 31291.3739505958, 35511.96932096426, 35511.969320964265, 35843.08708759281, 35843.08708759281, 70845.01203953683, 70845.01203953683, 80098.72674212535, 80098.72674212536, 97125.09177063695, 97125.09177063698, 234040.8134022481, 234040.8134022482, 882118.0862745096]']",0
9,"['[[0.39390441004482574, 0.04400286734528356], [0.12041870515225724, 0.004146091808228815], [0.26571523220927257, 0.01977165112158172], [0.00039634857338045627, 2.038318000705729e-06], [0.39390790494253974, 0.04400392839491568], [0.1205874101604837, 0.004156113025003167], [0.2680163267912548, 0.02010622098892117], [6.383705125336145e-05, 1.5484020700161059e-06], [0.3939044100448259, 0.04400393945757912], [0.12041870515225721, 0.00415165552433711], [0.2657152322092727, 0.01978167362071746], [0.0003963485733804559, 3.496364608008532e-06], [0.39390790494253997, 0.044004392870755187], [0.12058741016048373, 0.004158548514572709], [0.26801632679125476, 0.0201083169963254], [6.38370512533615e-05, 1.7740922761780612e-06]]', '[359.3399434504315, 8.63928124474406, -136.51254245424022, 9.31911831960602, -38.08917871888497, -2.8153462625601655, -59.77605530243866, -10.465588120995992, -11.431022222480676, -3.9733821644759937, -5.031033012530689, 2.620569506442976, -0.020329608977779308, -2.1640588069125712, -3.002006471558791, 4.497725352626522, 2.0584051967451744, -3.775789347392662, 2.349689626217452, 3.3287784063990182]', '[10929.873334763883, 11224.104961102783, 11224.104961102783, 11530.546873907642, 11530.546873907644, 12694.674811237293, 12694.674811237295, 15894.293116583163, 15894.293116583172, 20528.13132518901, 20528.131325189017, 21458.159884695797, 21458.159884695797, 24718.633645861122, 24718.633645861126, 37113.83950619564, 37113.83950619564, 83817.5289427786, 83817.5289427786, 311912.86666666664]']",0
20,"['[[0.4765839704930921, 0.038380600538874377], [0.14569429323365246, 0.0036191322940685505], [0.32148820159789043, 0.01726542264643864], [0.0004795411576616639, 3.6574817502204854e-06], [0.4765881989611833, 0.038381542393922025], [0.14589840900542936, 0.003626195777094521], [0.32427229023562987, 0.017562234764534827], [7.723629026503124e-05, 1.5609655523186584e-06], [0.47658397049309204, 0.03838136672573343], [0.14569429323365238, 0.0036222636924657377], [0.3214882015978905, 0.017273492183456418], [0.00047954115766166323, 3.930549690575206e-06], [0.47658819896118365, 0.03838173705798525], [0.14589840900542936, 0.0036280834370127257], [0.3242722902356301, 0.017556987547299525], [7.723629026503128e-05, 1.9790798631559127e-06]]', '[593.7437723403591, -0.8945294025835429, -179.02517270966143, 10.887553770500691, -40.34998876127905, -0.8968336970744495, -66.02618845017247, -10.628658303961991, -40.29221682516534, 5.374457993205798, -29.186070558077624, -2.9390756769682618, -9.426020844463585, -7.466213439500917, -4.926151588240671, -3.2676198671487464, -2.992392240069371, -2.486072550129764, 4.5224977776263735, 2.0344727213222367]', '[21514.98988631596, 22937.507449368553, 22937.507449368553, 24465.111303227593, 24465.111303227593, 24930.010457580713, 24930.01045758072, 27405.82904137821, 27405.82904137821, 34328.600076067545, 34328.600076067545, 34808.688320169465, 34808.688320169465, 44321.9554315106, 44321.95543151061, 55793.19460909305, 55793.19460909305, 150134.61073200818, 150134.61073200818, 703836.6]']",0
18,"['[[0.39636826072499615, 0.05861472359622776], [0.1211719176094645, 0.005507766171216025], [0.2673772665478475, 0.02638736989236052], [0.0003988277121694761, 2.553264390268898e-06], [0.39637177748310576, 0.058617681630860535], [0.12134167785834994, 0.00552674548174192], [0.26969275435139867, 0.026855466911264617], [6.423634854006321e-05, 1.2702450044624301e-06], [0.3963682607249964, 0.05861909246008594], [0.12117191760946439, 0.005528329113520306], [0.2673772665478475, 0.026439113589598436], [0.0003988277121694757, 7.055013042474416e-06], [0.3963717774831056, 0.05861813279086958], [0.12134167785835008, 0.005528889329121458], [0.2696927543513987, 0.026858891208391942], [6.423634854006324e-05, 1.5706851090136465e-06]]', '[558.8843911594348, -7.448871152968351, -238.56845580672282, 19.573767226424078, -49.2776756241001, -10.83271217578923, -100.46910719112951, -2.191717879327718, -6.046011956122006, 6.839269578336304, -7.80628119645889, 12.433678143642389, 10.00518368891969, 6.024893255191051, 14.636833721474812, 11.776298117865283, 1.571825508209212, -3.338365620999449, 10.542915213291852, -2.957279941019493]', '[30648.317388315598, 37023.711380946595, 37023.711380946595, 38982.75705085383, 38982.757050853834, 39383.62978965897, 39383.629789658975, 39925.709568121834, 39925.709568121834, 46676.87749577427, 46676.87749577427, 49073.48872402314, 49073.48872402314, 49398.500502803276, 49398.500502803276, 95431.08532542388, 95431.08532542389, 226799.9292583732, 226799.9292583732, 749822.094117647]']",0
19,"['[[0.44517489719156383, 0.06163383921045021], [0.1360923699229388, 0.005778311628423257], [0.30030065204787665, 0.027893050058693317], [0.00044793719213904846, 1.7402955340288728e-06], [0.4451788469841807, 0.06163595042196371], [0.13628303352755375, 0.005796074041458452], [0.3029012564530047, 0.028380668740804395], [7.21460638775124e-05, 8.667378366067704e-07], [0.44517489719156383, 0.061636158802862315], [0.13609236992293872, 0.005789938059682337], [0.3003006520478772, 0.027916796344107125], [0.00044793719213904906, 4.3171683613784025e-06], [0.4451788469841805, 0.06163618373973331], [0.13628303352755378, 0.005797267132087563], [0.30290125645300486, 0.028382044802253755], [7.214606387751245e-05, 1.0360588078127625e-06]]', '[1018.0105793605676, 18.06373045327738, -311.96025273907355, 37.481987544018494, -67.77935406396203, 1.3811903795694607, -227.53749936652588, -8.746767062976463, -86.43754570260359, 11.248643895747396, -78.88273315190732, -20.330379953286076, -13.102731402269553, -17.978927861601093, 3.200468181748335, -7.567623997553483, 14.118727854941335, -14.996046888675814, 26.782376110254813, 1.8468445101049409]', '[117341.21685013275, 122365.2596477864, 122365.2596477864, 129907.81004443852, 129907.81004443852, 133113.5539845452, 133113.55398454523, 137111.55513205478, 137111.5551320548, 139620.17647542458, 139620.17647542464, 141629.9458434562, 141629.94584345623, 270163.36893413356, 270163.3689341336, 351730.0133777403, 351730.0133777403, 479996.8732993716, 479996.8732993717, 2215067.9764705882]']",0
17,"['[[0.5262573948533938, 0.045720715947706596], [0.16087972728671468, 0.004292135073539853], [0.35499629430247676, 0.020524558532845714], [0.0005295228039140815, 2.095633110568192e-06], [0.5262620640465264, 0.045726404313178814], [0.16110511765012286, 0.004317137702260867], [0.3580705631076606, 0.02091576463121422], [8.528647923462874e-05, 7.157519570603221e-07], [0.5262573948533937, 0.045731037634433674], [0.16087972728671474, 0.004341888671179434], [0.35499629430247653, 0.02062869117258233], [0.0005295228039140815, 1.3623137390438222e-05], [0.5262620640465261, 0.04572682572917704], [0.16110511765012275, 0.0043190591524496095], [0.3580705631076604, 0.0209190086070824], [8.52864792346288e-05, 9.4940701416458e-07]]', '[1042.2617323866193, 3.4674104024926673, -215.71688868859684, 26.98805124102057, -5.642830445378824, -37.380424855066295, -116.53938100353764, -0.7383141690806061, -70.13382169823801, 15.501258958563469, -62.378726975565264, 0.8950629386274942, -37.33127638893921, -10.667644607315061, -20.085468828503714, -17.980852998103373, -17.210927687063155, -10.378031597146457, -1.7778068176350446, -21.99943175497998]', '[78015.09252247562, 83665.6200109493, 83665.6200109493, 85108.02398040431, 85108.02398040431, 94461.12904298982, 94461.12904298982, 102275.09387238785, 102275.09387238788, 116753.14493527747, 116753.14493527747, 132382.1114253866, 132382.11142538663, 136496.96081547, 136496.96081547003, 157007.55147476136, 157007.55147476136, 287561.8379191824, 287561.8379191824, 1964122.2549019605]']",0
2,"['[[0.49154329228478866, 0.05123616615314012], [0.1502674386825878, 0.004812010624667935], [0.331579278423158, 0.023092184451527418], [0.0004945933015312983, 1.976281443184316e-06], [0.49154765347873575, 0.05123862338841171], [0.15047796137046324, 0.0048284023150085495], [0.33445075581168865, 0.023499345826587734], [7.966063223120404e-05, 1.1302214841425192e-06], [0.49154329228478916, 0.051240022046045657], [0.15026743868258785, 0.0048301086209715915], [0.3315792784231581, 0.02313725001910397], [0.0004945933015312986, 5.911616308666673e-06], [0.4915476534787356, 0.05123931426131899], [0.1504779613704631, 0.004830975768085416], [0.33445075581168854, 0.0235089928013054], [7.966063223120399e-05, 1.333937784278261e-06]]', '[855.5200331090981, -20.076793815535694, -207.98319991343655, 22.440455219373217, -3.5702634617160447, -4.744945123145328, -135.80266471440183, -6.093522421891836, -54.53284509128309, 10.156191190193965, -70.13668238886393, -1.979356878843439, -41.09729260530655, -1.2760336135749644, -24.15691836375894, -3.834465454039865, -15.88854923682797, -8.506080263901573, 7.48787373313615, 1.3385495666876315]', '[56503.38178000515, 62394.13152873571, 62394.13152873571, 64032.2630681735, 64032.26306817351, 64828.25196844735, 64828.25196844738, 82576.54337930548, 82576.5433793055, 85603.2361724502, 85603.23617245023, 86851.67008013104, 86851.67008013107, 94742.33999675588, 94742.3399967559, 159033.9872300393, 159033.98723003932, 245707.52564433348, 245707.52564433348, 1416810.4]']",0
3,"['[[0.4590926919111125, 0.05147180057319732], [0.14034711492188964, 0.004838638396564702], [0.3096891482450256, 0.02323072212731176], [0.00046194134629682336, 2.4718962700772187e-06], [0.45909676518868614, 0.051472424169094845], [0.14054373936779713, 0.004849069873477512], [0.312371057050931, 0.023613613167633343], [7.440161357989967e-05, 1.1776520302505062e-06], [0.4590926919111128, 0.05147216761725007], [0.14034711492188975, 0.0048420958700551905], [0.30968914824502564, 0.023221291590457865], [0.00046194134629682347, 3.699621129231381e-06], [0.45909676518868603, 0.05147332499073533], [0.14054373936779724, 0.004852624461863036], [0.312371057050931, 0.023624781619976686], [7.440161357989973e-05, 1.6003884800213646e-06]]', '[615.2051958551118, -52.25023332325615, -208.23390913716878, 7.952683818099085, -46.58813754710024, -35.58708242929977, -85.94628560902068, 12.255040028287649, -41.45647803661083, 9.49917498845172, -36.46737179550979, 17.07578069654467, -15.986521810613041, 9.573913344606977, -5.276939484519616, 12.59810534466932, -3.103350163202797, 14.90154769773627, 6.823125171933691, 2.3684316589303656]', '[31155.969691235805, 31482.300479033976, 31482.30047903398, 36101.849395450095, 36101.849395450095, 40898.395657580506, 40898.39565758051, 41122.41327609952, 41122.41327609952, 42147.57203827712, 42147.572038277125, 44151.92836510976, 44151.928365109765, 63466.340292849, 63466.34029284901, 87751.86667302162, 87751.86667302165, 192247.22689827363, 192247.22689827363, 784427.3960784313]']",0
16,"['[[0.5558560744855718, 0.04968289221370296], [0.16992820347696047, 0.004662236642780309], [0.3749626105736171, 0.02246119034492731], [0.0005593051423368064, 2.0132476487485252e-06], [0.5558610062915493, 0.04968506699667371], [0.1701662706354576, 0.004677748120573328], [0.37820978772813324, 0.022861129735038337], [9.008330907589956e-05, 1.2678888937557321e-06], [0.5558560744855721, 0.04968582581874961], [0.16992820347696042, 0.004675671385932658], [0.37496261057361757, 0.022497514633818817], [0.000559305142336807, 4.659646562446995e-06], [0.5558610062915493, 0.04968536742114165], [0.1701662706354575, 0.00467917147800564], [0.37820978772813285, 0.022864856846803065], [9.008330907589956e-05, 1.4397802753335456e-06]]', '[1047.206063943508, -91.7175080099949, -259.8419855136118, 1.7126822153506092, -104.63013139695994, -48.146669557028105, -146.48380820339318, 23.49300592350376, -43.37303685274914, 31.00818483814472, -32.51876467512881, 35.93344081627978, -19.880147523101805, 20.718978764374814, -9.621555548692552, 3.847767653442825, -22.683096138803606, 0.8125084079051843, -12.38046936838697, 0.24598507423806093]', '[66523.73394381114, 68686.3219528106, 68686.3219528106, 71518.60525170626, 71518.60525170628, 73730.15241192724, 73730.15241192725, 83443.72100658658, 83443.7210065866, 86289.15609463202, 86289.15609463202, 95912.37784921443, 95912.37784921446, 133409.38874639026, 133409.3887463903, 209694.69053842797, 209694.69053842797, 343331.26225117623, 343331.2622511763, 1877219.6156862746]']",0
14,"['[[0.4946345858342858, 0.03606775411725206], [0.1512124638130086, 0.003397931937096254], [0.3336645655191772, 0.016239636965477585], [0.0004977037764510992, 2.7855484532748416e-06], [0.4946389744555839, 0.03606830608957171], [0.15142431046855326, 0.003403856310386054], [0.3365541014992256, 0.016514836613647933], [8.016161434698146e-05, 1.1053674546787647e-06], [0.4946345858342857, 0.03606819432763925], [0.15121246381300857, 0.0034000247407793525], [0.3336645655191772, 0.016245033273187964], [0.0004977037764510984, 3.1155113991689793e-06], [0.4946389744555836, 0.03606887696425337], [0.15142431046855312, 0.003407064363658139], [0.33655410149922566, 0.01651571260042259], [8.016161434698144e-05, 1.4805781401076716e-06]]', '[512.3057744761563, 3.047893984649389, -142.1630269415648, 9.80128744675947, -48.66742502781034, -3.86374439965466, -59.69180416672474, -3.3859137872555625, -6.5622719349380665, 0.34635046440277417, -3.6454991445415486, -3.4522070929305824, 10.62470434711095, -6.489102841678465, 11.493701141959802, -5.022407937417912, 5.08907007325165, -5.81440093799873, 4.646147585471999, 5.445202821367726]', '[12316.798499795086, 13266.232638801728, 13266.23263880173, 14474.47606042174, 14474.47606042174, 14998.951582544882, 14998.951582544883, 20145.355676224495, 20145.355676224503, 21701.95416606623, 21701.954166066233, 23667.31423455021, 23667.31423455021, 34819.01082028275, 34819.010820282754, 41668.765629040856, 41668.765629040856, 99072.95183491266, 99072.95183491266, 504878.8352941176]']",0
1,"['[[0.3755687379557752, 0.04951927140543402], [0.1148133911858343, 0.004655336792147573], [0.2533465781840467, 0.02232542809893412], [0.0003778991290758341, 2.4910113200296063e-06], [0.3755720701711306, 0.04952022892382317], [0.1149742432235641, 0.004666599844733591], [0.2555405601909342, 0.02270181104742435], [6.086553022169714e-05, 1.1461372586019677e-06], [0.3755687379557752, 0.04952019423762671], [0.11481339118583428, 0.004660658696897786], [0.25334657818404704, 0.02232985422499883], [0.00037789912907583396, 3.474932755631214e-06], [0.3755720701711309, 0.04952094908668656], [0.11497424322356402, 0.004669647061275689], [0.2555405601909343, 0.02270788876366789], [6.0865530221697204e-05, 1.4861628257665174e-06]]', '[505.18718987927423, 13.323443409664547, -215.5099764248043, -4.26075734629663, -29.53416621581703, -8.395880437703001, -80.71773216224992, -2.183012689454549, -22.614419906740338, 6.049243014293452, -24.13272522855528, 0.8131858453257017, 1.4456823568449266, -5.583773013760451, 8.7824283250533, 0.3846628392974515, 5.480049869112763, -0.581901579086244, 15.284396521827357, 0.5116242092334788]', '[27306.81958941129, 28805.42086454683, 28805.420864546835, 30695.133854020605, 30695.133854020612, 32908.72607449697, 32908.726074496975, 37411.182159959746, 37411.182159959746, 37563.07061949014, 37563.07061949015, 51685.56162415817, 51685.56162415818, 56497.013316261735, 56497.01331626174, 73126.00916539152, 73126.00916539153, 195482.1288452071, 195482.1288452071, 646589.0823529412]']",0
0,"['[[0.4106779291125616, 0.05977461062817896], [0.12554646050476417, 0.005608103327344494], [0.277030108104018, 0.027028312854697152], [0.0004132261715579186, 1.8118676769614404e-06], [0.41068157283250756, 0.059776176063890914], [0.1257223494302056, 0.005623392568029885], [0.2794291895398239, 0.027495511235847987], [6.655540618699753e-05, 9.231269371850495e-07], [0.4106779291125618, 0.0597760274761716], [0.12554646050476417, 0.005614862008104975], [0.277030108104018, 0.02704202140285198], [0.0004132261715579186, 3.351061785563848e-06], [0.4106815728325075, 0.059776541037689195], [0.1257223494302055, 0.005625203455039619], [0.27942918953982376, 0.027496771697589188], [6.655540618699756e-05, 1.1643018144786065e-06]]', '[702.8264896943389, -13.699862953048974, -293.1041391456348, -4.79098035769565, -81.31852626169729, -19.082508050486517, -152.54133733837796, 32.75637612485865, -9.609304780376224, 18.920143353393364, 5.230669538957752, 6.526552881133675, 27.57599990977146, 0.5305335172285037, 18.649467107431242, -2.625920395236627, 6.0552764738474325, -8.28174017186271, 12.087149348499832, -6.261701801388013]', '[40822.084874342494, 41735.67137810108, 41735.671378101084, 45317.727113736255, 45317.727113736255, 50631.08285623187, 50631.08285623189, 51328.28000808285, 51328.28000808286, 53191.01110659615, 53191.01110659616, 93739.14832511212, 93739.14832511212, 124298.86579992998, 124298.86579992998, 181610.1525614053, 181610.1525614053, 337665.6426251218, 337665.64262512187, 1144479.51372549]']",0
15,"['[[0.43149174916115796, 0.054097725032616395], [0.13190935768390175, 0.0050860068775075195], [0.29107044095214596, 0.02441291941434142], [0.00043416914064506296, 2.6557686556455513e-06], [0.4314955775507095, 0.054098078915376484], [0.13209416094386933, 0.0050963877508515155], [0.2935911117058745, 0.024811914822633858], [6.992854155521866e-05, 1.2559576367392382e-06], [0.43149174916115796, 0.05409739214037405], [0.13190935768390163, 0.0050864878450591665], [0.29107044095214574, 0.02439472227562135], [0.00043416914064506285, 2.853937696220406e-06], [0.4314955775507096, 0.05409891887935476], [0.13209416094386928, 0.005099706698835466], [0.29359111170587443, 0.024822150788861876], [6.992854155521868e-05, 1.6267209753958666e-06]]', '[576.3188516901113, -2.869161704440456, -227.95640326882517, 17.677635678945702, -47.98288678955385, -9.036794257318983, -99.23999396354827, -0.11954185750881091, -40.24369802525813, 1.0991687820974778, -26.285919964482694, -0.1835894712852123, -2.9299252303439767, -1.7043686712140105, 7.88854438898356, 2.301031722287136, 4.711314565261485, -1.9633115061349626, 19.704592063285574, 0.01983575517331233]', '[25905.87308936686, 27312.550134552675, 27312.550134552675, 28111.661520752954, 28111.661520752958, 33840.360525847726, 33840.36052584773, 35848.93991615925, 35848.93991615926, 36164.82726095276, 36164.82726095277, 45762.07749102006, 45762.07749102007, 64650.29686003621, 64650.29686003621, 89196.58464145884, 89196.58464145886, 205061.64190252288, 205061.64190252288, 732430.294117647]']",0
11,"['[[0.5304864925238099, 0.048049724318566356], [0.16217258528080525, 0.004507124937389081], [0.35784910742381865, 0.021721154371293412], [0.0005337781429902935, 1.3349000448651451e-06], [0.5304911992394056, 0.048051619580234226], [0.1623997869211094, 0.004522519514767771], [0.36094808159783803, 0.022099913719362495], [8.597185649331728e-05, 1.1016996808290872e-06], [0.5304864925238099, 0.04805228825335896], [0.16217258528080516, 0.004519552095694939], [0.35784910742381815, 0.02174796191657481], [0.0005337781429902933, 3.909685451458769e-06], [0.5304911992394056, 0.04805205840486709], [0.16239978692110965, 0.004523723887377081], [0.3609480815978377, 0.022110151378720185], [8.597185649331733e-05, 1.1253922390629699e-06]]', '[758.3317827677427, -46.326215637722356, -218.03825483747818, 11.603034624043563, -81.66969788755827, -22.774004404496154, -108.37985102727055, 0.3607985529784068, -34.581041377802634, 10.886249006770175, -28.26104103946828, 23.333758066078502, -13.189578843363293, 20.607224343947763, -0.7170905849929055, 15.207826284813555, -6.486690108811409, 10.1378485571921, 2.138792625659272, 1.7624992754514794]', '[26780.807927137914, 27493.93318577951, 27493.93318577952, 31072.353795461328, 31072.353795461328, 33926.51379838973, 33926.51379838975, 36004.04243570097, 36004.04243570097, 38117.169181215555, 38117.169181215555, 41174.20248552636, 41174.20248552636, 78580.21859724255, 78580.21859724257, 107896.7000904632, 107896.70009046322, 213927.98948126537, 213927.98948126537, 1031471.7294117647]']",0
4,"['[[0.48139229400244204, 0.04883544927256762], [0.14716422369440357, 0.004589963410765257], [0.3247317418204508, 0.022070774706397053], [0.00048437931665324687, 2.7907603049283494e-06], [0.4813965651321501, 0.04883629588712577], [0.14737039881925312, 0.004599339891525034], [0.32754391952470874, 0.02244404997956105], [7.801553819036993e-05, 1.071751272908105e-06], [0.4813922940024418, 0.048835568702302004], [0.14716422369440338, 0.004591158586718566], [0.32473174182045056, 0.022062541959733933], [0.0004843793166532465, 3.468304899261198e-06], [0.4813965651321501, 0.04883640961959479], [0.14737039881925315, 0.004600815684539705], [0.32754391952470846, 0.02243866159692449], [7.801553819036999e-05, 1.4267052027775782e-06]]', '[683.7281560955072, 34.84329996916355, -224.11707459596317, 1.6868705554008607, -87.77640576069888, -7.342327873852277, -117.09864397418613, -25.284531967655674, -14.589760376413519, -22.44357262633293, -2.538454099397419, -25.737548060631056, 23.49177044653038, -13.285565286325342, 16.554142006614626, 0.8448650816902907, 9.890582535766285, 7.832869542220273, 6.177518265122295, 18.569743958843382]', '[24712.451417626224, 27215.426181718416, 27215.42618171842, 28270.55335125776, 28270.553351257764, 33287.39134896091, 33287.39134896092, 36073.41933021915, 36073.419330219156, 38968.4062623625, 38968.40626236251, 43147.91613967604, 43147.91613967605, 86984.79297468968, 86984.79297468968, 114223.79848909825, 114223.79848909825, 216385.38030751515, 216385.38030751515, 924019.0784313722]']",0
5,"['[[0.47978372933386104, 0.04139121466057275], [0.14667247678930503, 0.003891497807265238], [0.3236466558870715, 0.018666723694534645], [0.00048276077089614406, 2.175083045802145e-06], [0.4797879861916571, 0.04139256778639684], [0.14687796298326491, 0.003901894912234088], [0.32644943674440646, 0.01899158957695493], [7.775485051444152e-05, 1.0865640738799287e-06], [0.47978372933386104, 0.041392817468579056], [0.1466724767893051, 0.0038992550299381695], [0.32364665588707153, 0.018684626009963116], [0.0004827607708961432, 4.0453884862130536e-06], [0.47978798619165736, 0.04139288580475342], [0.14687796298326522, 0.0039038189427457824], [0.3264494367444064, 0.018991150890130076], [7.775485051444158e-05, 1.3733206011645736e-06]]', '[764.6260323357554, 6.38806015668529, -203.20133063498903, -1.4998057153734772, -54.838496861884416, -26.529169383290863, -120.9598553648043, -3.6403241319950514, -37.85282401020295, 9.211215348211415, -36.98836204426097, -10.90860401136111, 3.518387100880277, -12.571408022613689, 3.8250320143463163, -9.197131713033706, 2.6604039470337426, 0.5923678274334847, 1.0707756470117773, -2.231859457972278]', '[41387.212394504924, 42141.885866160366, 42141.885866160366, 42828.69274117939, 42828.69274117939, 44831.98894039014, 44831.98894039014, 45240.22949908152, 45240.22949908153, 54214.41569502985, 54214.41569502986, 61570.9782486552, 61570.9782486552, 87605.30635460772, 87605.30635460773, 130683.64734289292, 130683.64734289292, 218139.01108091875, 218139.01108091875, 1159486.7411764706]']",0
10,"['[[0.4962259835384557, 0.058591823556300625], [0.15169896268438865, 0.005494061648106969], [0.334738071171101, 0.02655758018854987], [0.0004993050487233665, 1.864281715832891e-06], [0.49623038627935234, 0.05859243383490804], [0.15191149091839726, 0.0055062628641405036], [0.3376369037128062, 0.027003727660348118], [8.041951990532276e-05, 7.733682506430017e-07], [0.4962259835384558, 0.058591642680001936], [0.15169896268438865, 0.005494367209623728], [0.3347380711711012, 0.02654603933037081], [0.0004993050487233668, 2.313432603633609e-06], [0.49623038627935195, 0.05859308374280275], [0.15191149091839742, 0.0055090164451880395], [0.33763690371280597, 0.027011186485677217], [8.041951990532278e-05, 1.0965832696427853e-06]]', '[750.2238890816225, 2.7811410287229212, -282.4474104671151, 32.92413657025497, -114.75379073889997, -14.805672919330242, -110.41945470020514, -6.063274388664594, -12.787965933943145, 0.8958809894493137, -7.116289846953639, 1.6334336431886345, 24.066515786821185, -6.970841756746703, 21.18970706523971, -9.1727841421447, 15.58911331547224, -11.57628132726157, 8.959663083775077, -2.5509850018704805]', '[32519.300548125462, 33438.53682843748, 33438.53682843748, 34186.72888006298, 34186.72888006299, 34192.611360204595, 34192.611360204595, 36230.01546314117, 36230.01546314117, 47699.8669827524, 47699.8669827524, 65607.6014606894, 65607.60146068945, 112394.3779595851, 112394.37795958511, 121959.35370158739, 121959.35370158739, 287567.5286886882, 287567.52868868824, 1079233.505882353]']",0
12,"['[[0.44084301591571917, 0.054984565714993335], [0.13476809042565865, 0.005166288039288646], [0.2973785044157062, 0.024780247974733268], [0.00044357843168866596, 2.352807961839817e-06], [0.44084692727393027, 0.05498698664251911], [0.1349568987322685, 0.005183015398105224], [0.2999538030149601, 0.025211780244672025], [7.144402927221802e-05, 1.2619912508353295e-06], [0.44084301591571906, 0.05498807877136721], [0.13476809042565877, 0.005183697633347778], [0.29737850441570624, 0.024815241347440495], [0.0004435784316886669, 6.40449725401767e-06], [0.44084692727393016, 0.05498753447923508], [0.13495689873226843, 0.005185361438862946], [0.29995380301495983, 0.025218662997074547], [7.144402927221805e-05, 1.5069227429121529e-06]]', '[736.6789376909437, -59.9636869007027, -228.02006588295055, 0.7493400019959744, -54.6537082619676, -46.03970967939729, -128.95303613363285, 19.151817468617843, -37.01040704898901, 26.416618272954558, -32.78634894123225, 31.16869127641749, -5.2947351961684905, 15.326744611529172, 11.449152022708006, 6.773763386696357, 0.3497539224407178, -0.5095965385697185, 3.1813666217545515, -14.39543680963126]', '[48665.60732534775, 51934.07772325146, 51934.07772325147, 54318.4888130271, 54318.48881302711, 61452.426795987136, 61452.426795987136, 62267.0557462262, 62267.055746226215, 68184.25726749882, 68184.25726749883, 81749.96766207885, 81749.96766207888, 90787.2191556723, 90787.2191556723, 161843.36760950842, 161843.36760950842, 262097.38302922543, 262097.38302922546, 1171347.3098039213]']",0
7,"['[[0.3626792899812476, 0.04783916283181014], [0.11087301733969394, 0.004501400713217749], [0.2446517715907133, 0.021562793619984578], [0.0003649297025193147, 2.8569385095606667e-06], [0.36268250783560324, 0.04783991197174438], [0.11102834896594536, 0.004511112257688595], [0.24677045655054392, 0.021922149461442466], [5.8776636749080615e-05, 1.3878739786329673e-06], [0.3626792899812477, 0.047840225788297226], [0.11087301733969394, 0.00450737693824031], [0.24465177159071322, 0.02156910155779066], [0.0003649297025193141, 4.450430948286462e-06], [0.3626825078356033, 0.04784112187904379], [0.11102834896594531, 0.004515585079372558], [0.246770456550544, 0.021938465908810306], [5.877663674908061e-05, 1.8506321185083974e-06]]', '[474.21579332955866, -49.28633899207236, -225.37393013783486, 26.420227427075176, -55.84913064927157, 4.402643608764482, -62.658451792629094, 7.408140917587037, -10.738994549077983, 15.541161214477686, -3.822826373529459, 9.230042283794551, 7.755286008948396, 6.554516257384119, 9.736783128660331, 2.428376834218879, 5.397255556142477, -13.376969672038445, 9.715687091933194, -8.11924705915773]', '[19751.276158042976, 19909.50469410183, 19909.504694101837, 22058.148580931957, 22058.14858093196, 24468.649645858328, 24468.649645858335, 26477.022339272473, 26477.022339272477, 26696.762555438512, 26696.76255543852, 26953.49796914083, 26953.49796914083, 49188.15172770474, 49188.15172770474, 55551.80900919148, 55551.809009191486, 204486.75651995948, 204486.75651995948, 589986.9607843135]']",0
6,"['[[0.5555365466336543, 0.037854490049485004], [0.16983052208724553, 0.003588632150401287], [0.3747470673727683, 0.016898501052665837], [0.0005589836318255416, 5.420637998998303e-06], [0.555541475604636, 0.037855064587526965], [0.1700684523954117, 0.0035928746628645087], [0.3779923779226206, 0.017175450790763623], [9.003152566007679e-05, 2.4356134858293678e-06], [0.555536546633654, 0.03785546814027739], [0.1698305220872455, 0.003592645913166841], [0.3747470673727683, 0.01691296535811369], [0.0005589836318255425, 5.809845891415653e-06], [0.5555414756046361, 0.03785615495000814], [0.1700684523954117, 0.003597229830945893], [0.3779923779226205, 0.017189146294839794], [9.00315256600769e-05, 2.7952495336673116e-06]]', '[698.1733361101378, 15.199852443566112, -128.63558919443187, 0.07677444367079234, 46.66529910829577, -16.354018353344244, -5.795292450910048, -8.036706811602649, -9.705478671251448, 3.522091171630229, -15.782770148090624, 6.360902542087837, -16.2881843079442, 11.240781069170698, -13.812411787720222, 4.026900424943381, -13.057646121348395, 5.424948400230406, -10.92044990401526, 7.15414764508144]', '[25526.243454063224, 28683.642492064195, 28683.64249206421, 29862.930707752144, 29862.930707752148, 32925.39967734562, 32925.399677345624, 33534.175321308845, 33534.17532130885, 38832.478457695055, 38832.47845769507, 39321.9275294349, 39321.92752943491, 41302.90763635871, 41302.90763635871, 51604.79016307699, 51604.79016307699, 109479.98418242307, 109479.98418242307, 834885.7058823529]']",0
13,"['[[0.43666648883627474, 0.058601415262404574], [0.13349130354509833, 0.005501471983202528], [0.29456115372238273, 0.026460760799137235], [0.000439375989402137, 2.323722595035662e-06], [0.4366703631384518, 0.058603607652688856], [0.13367832309022845, 0.005518242226766118], [0.29711205405751717, 0.026923116458063168], [7.076717172395843e-05, 1.1922383102779575e-06], [0.4366664888362739, 0.05860422090205246], [0.13349130354509842, 0.005514872060898462], [0.294561153722383, 0.026492149169472467], [0.00043937598940213665, 5.101359653963829e-06], [0.4366703631384518, 0.05860404531031952], [0.13367832309022856, 0.005520049851790836], [0.29711205405751745, 0.0269272366261891], [7.076717172395851e-05, 1.372282538902005e-06]]', '[934.817106579262, 19.303962363946596, -262.8676955738713, 19.48671209436657, -18.466593640770654, -36.30447905421556, -175.44400444125029, 5.100396811193839, -65.7372585398546, 8.473138348126959, -59.765187772790554, -39.65275756756605, 0.12989649092113728, -23.039165222583662, 9.650381056672227, -33.020796987734634, 14.050253069227665, -10.918899319009245, 21.937332402810213, -6.514138968554929]', '[101025.0134247092, 101360.38515267373, 101360.38515267374, 106320.73412906495, 106320.73412906498, 111346.02393434706, 111346.02393434709, 114515.20250103391, 114515.20250103393, 129591.74172346524, 129591.74172346525, 180030.38964751703, 180030.38964751703, 202199.20778464564, 202199.20778464573, 253510.55574964956, 253510.55574964956, 379007.95337281795, 379007.95337281795, 1904217.6274509805]']",0
41,"['[[0.5268505158565847, 0.02981687254739597], [0.16106104758011977, 0.0028115445067791846], [0.3553963946341109, 0.013385809224519029], [0.000530119605212726, 1.9087181502931408e-06], [0.5268551903121546, 0.029818417834128492], [0.16128669197085307, 0.0028207785018736103], [0.35847412830917713, 0.013618204495265372], [8.53826017834364e-05, 8.201873164478144e-07], [0.5268505158565845, 0.02981937108622483], [0.1610610475801198, 0.0028310054330324833], [0.355396394634111, 0.013405798627891074], [0.0005301196052127247, 7.4288068180642795e-06], [0.5268551903121546, 0.02981879246564721], [0.16128669197085313, 0.002822515301634487], [0.3584741283091771, 0.013619594846041123], [8.538260178343643e-05, 9.367609460588364e-07]]', '[591.8114506819215, -24.06749728279866, -120.7232700139864, 16.41558219056983, -11.702849494958572, 29.491418073031802, -44.2668873749273, -2.12882797166575, -49.96210057370487, -8.324260547635706, -33.15135486567885, -3.2683885392372303, -18.588448306586308, -4.575353836950619, -13.995254141476838, -5.097719053846561, -6.501067438847881, 2.0454296299635844, -2.5249343197177585, 1.9996350780195784]', '[19590.19766820571, 20650.03598670123, 20650.03598670123, 21119.54713136903, 21119.54713136903, 21573.495038924295, 21573.495038924295, 23632.2907206623, 23632.290720662302, 25067.13110833355, 25067.131108333553, 25682.204395124045, 25682.204395124045, 37737.2134727097, 37737.2134727097, 38739.58648806401, 38739.586488064015, 94358.07907682283, 94358.07907682283, 632546.5058823529]']",1
40,"['[[0.5248036368093367, 0.0405527967486501], [0.1604353056026567, 0.003814229150746519], [0.35401563593358787, 0.018332703080821012], [0.0005280600253512905, 2.038930510886403e-06], [0.5248082931040721, 0.04055361161353137], [0.1606600733371818, 0.0038242232517812355], [0.35708141223482065, 0.01863883539711466], [8.505087987498238e-05, 1.394509345935852e-06], [0.5248036368093371, 0.04055280943860402], [0.16043530560265679, 0.0038229485124967643], [0.3540156359335879, 0.018314228226297472], [0.0005280600253512891, 5.12149099483964e-06], [0.5248082931040718, 0.04055338007954143], [0.16066007333718177, 0.003823302763039939], [0.3570814122348206, 0.01863298935810696], [8.505087987498238e-05, 1.1556051558023134e-06]]', '[431.1063253321511, -23.810461714387635, -111.58679505435279, 39.628781670298146, -58.59576842059824, -1.5103973283679197, -61.161208368996554, -3.9572670727176766, -18.5881768635725, -8.936259950410875, -11.124278103201128, -6.354939182387016, -1.2613538646993212, -4.2321171126156525, 2.1386006618988533, -4.2467846027777325, 7.271392375382125, -1.8611074557177862, 7.775761203616311, -1.6787168834485278]', '[8028.177746100627, 8063.080453636363, 8063.080453636363, 8461.734386684047, 8461.734386684047, 8655.714841759269, 8655.71484175927, 9013.1282667488, 9013.1282667488, 11102.340097901257, 11102.340097901257, 12852.132920197577, 12852.13292019758, 34236.28798847574, 34236.28798847575, 34888.86370583419, 34888.8637058342, 65411.024636327056, 65411.02463632707, 336965.23529411765]']",1
42,"['[[0.40559988412836884, 0.037187418692497004], [0.12399407473271407, 0.003505649445175358], [0.2736046224589339, 0.016741223802473258], [0.00040811661747900557, 2.560907989425414e-06], [0.40560348279360786, 0.03718890736287655], [0.12416778878628541, 0.0035162570580238592], [0.27597403918040236, 0.017033779243324672], [6.57324465814273e-05, 1.6136442711078176e-06], [0.40559988412836895, 0.03718959575372498], [0.12399407473271398, 0.00352424418240283], [0.2736046224589339, 0.01675967442489618], [0.0004081166174790051, 7.892826428275831e-06], [0.4056034827936077, 0.037189343557644625], [0.12416778878628545, 0.00351795637872152], [0.27597403918040236, 0.01703308644918834], [6.57324465814273e-05, 1.5990535862047296e-06]]', '[356.0964037297196, 27.65269437403687, -121.23089883764368, -16.971470819633556, -14.647684216681064, -20.66027628163601, -27.180700600772298, 5.6631854454700905, -15.104657649388324, 7.308428956275419, -8.783477166683415, 7.727916714898745, -4.69245827498408, 5.891129646966957, -6.651808444749494, 1.5630334240958483, -3.053867750230597, 0.7511660493993899, -1.9586046632414467, 0.7437379600818437]', '[11764.381644858053, 12766.124314503246, 12766.124314503246, 12782.001653047182, 12782.001653047186, 13105.30715313113, 13105.307153131133, 14067.514562193935, 14067.514562193937, 16049.828638352896, 16049.8286383529, 19480.67690839581, 19480.676908395813, 20158.138617652847, 20158.13861765285, 27167.870510316116, 27167.87051031612, 74344.84212075935, 74344.84212075935, 297475.0156862745]']",1
43,"['[[0.5140710431814596, 0.041220992238451507], [0.1571542937768505, 0.003879203453340915], [0.3467757738368054, 0.018550146923057804], [0.0005172608363485656, 2.8344782075598464e-06], [0.5140756042517801, 0.04122260874584861], [0.1573744648573395, 0.003890502232730368], [0.349778852913996, 0.018865947066304994], [8.331153115983008e-05, 1.2798073967477176e-06], [0.5140710431814602, 0.04122359581952277], [0.1571542937768505, 0.003892868783425606], [0.3467757738368052, 0.018569361301894103], [0.0005172608363485638, 6.07812375842436e-06], [0.5140756042517801, 0.041223370972323634], [0.15737446485733944, 0.0038933414747379332], [0.349778852913996, 0.01887565095002306], [8.331153115983008e-05, 1.5642864028228612e-06]]', '[822.748529269038, -40.64812010382922, -212.02815538133402, -0.6260474426782863, -59.48666114513574, -14.437046588737394, -86.4317688760897, -15.423325176527602, -59.870094089369736, -9.038730682801418, -53.03986962950947, 11.741069061492823, -24.156132766717093, 10.400022526506067, -14.310778492864669, 10.38297696906752, -5.88192205129368, 11.452037892831719, 7.468932705115373, 8.196068580692314]', '[36581.31877772427, 38767.45034276266, 38767.45034276267, 41710.47724589626, 41710.47724589626, 47262.034336503064, 47262.03433650307, 58169.60934409434, 58169.60934409434, 64237.25812988719, 64237.25812988719, 65036.6210997436, 65036.62109974361, 67982.03704554684, 67982.03704554684, 93828.72642184574, 93828.72642184576, 230892.3781433249, 230892.3781433249, 1252922.5647058825]']",1
53,"['[[0.3685222025078261, 0.032269787729795905], [0.11265922724957646, 0.003038045014901184], [0.2485932122529326, 0.014538102870562016], [0.00037080887011744503, 2.3648611607374804e-06], [0.3685254722031388, 0.03227178866756708], [0.11281706133221255, 0.0030491805735889297], [0.25074603009885227, 0.014801158908763445], [5.972355254112691e-05, 1.4518642224132327e-06], [0.36852220250782625, 0.03227283498515753], [0.11265922724957639, 0.003057330430829736], [0.2485932122529326, 0.014570190686975534], [0.00037080887011744465, 7.292083829890553e-06], [0.3685254722031386, 0.03227190606333486], [0.11281706133221249, 0.003049899191051997], [0.2507460300988521, 0.014798926660025054], [5.9723552541126985e-05, 1.5258854002271324e-06]]', '[478.9241698940806, 29.340251060568868, -165.4752180991485, -10.162221960853868, 2.0964793174127903, -16.228569955258067, -60.605902371112094, -0.7410582952100326, -13.073050733622495, -11.309760508770196, -1.5443442222580066, -7.516449625812017, 4.413774385048809, -2.1439532390799974, 2.888189706063997, -2.381291010286624, 1.0881358838249735, 6.754421880972757, -2.8206417476368957, 4.838996207174624]', '[24187.581264035136, 24234.456701833304, 24234.456701833304, 28630.101089898926, 28630.10108989893, 31292.48713195959, 31292.487131959595, 34081.336968513075, 34081.336968513075, 35812.83624782179, 35812.8362478218, 45436.7834565261, 45436.7834565261, 48379.52513530178, 48379.52513530178, 53161.81587916919, 53161.81587916919, 147466.64260312138, 147466.64260312138, 592219.8980392157]']",1
47,"['[[0.4940785103646049, 0.04006308644498415], [0.15104246853923575, 0.003775183261003803], [0.3332894549116689, 0.018051898823995546], [0.0004971442505522272, 3.1690904540346866e-06], [0.4940828940521503, 0.04006390338209294], [0.15125407703365734, 0.0037833139515617465], [0.336175742432909, 0.0183522505714731], [8.00714954822175e-05, 1.3886351647107858e-06], [0.49407851036460493, 0.040064094537118754], [0.15104246853923578, 0.0037864535859766344], [0.3332894549116688, 0.01805474710162459], [0.0004971442505522261, 6.496718787274136e-06], [0.49408289405215017, 0.04006461574797164], [0.1512540770336573, 0.0037853163293114925], [0.33617574243290876, 0.018363215781847207], [8.007149548221758e-05, 1.2997874563614523e-06]]', '[485.49220516347174, 21.195009227702943, -140.5449330899197, 14.767041006147913, -52.13849641647646, 8.30756932521374, -59.63448254387856, -23.128908116399785, -15.552035041572164, -12.818489673454263, 2.1478316288835124, -16.40476359840916, 9.424593245424676, -8.974224443610623, 6.035519939957227, -5.841371866775434, 6.937766459021181, -3.3084723620308303, 3.086104487366722, 1.0231179983170775]', '[10593.558538919066, 10757.145453297857, 10757.14545329786, 10853.79877205766, 10853.798772057662, 14251.92759252584, 14251.927592525844, 17589.006399553382, 17589.006399553386, 19209.24299387159, 19209.242993871594, 21746.127680961163, 21746.127680961163, 36729.717753301324, 36729.71775330133, 44989.87794240686, 44989.87794240686, 93246.21503538317, 93246.21503538317, 453922.49019607843]']",1
46,"['[[0.47613259915226797, 0.04958488887807632], [0.14555630657745156, 0.004699648300490002], [0.3211837210244789, 0.022305778121884876], [0.0004790869855771727, 1.1629507970795232e-05], [0.4761368236155894, 0.049582920024614965], [0.14576022903175404, 0.004686526699345053], [0.3239651728596833, 0.022633853985099244], [7.716313999130078e-05, 9.84648659011701e-07], [0.4761325991522677, 0.049579618052837546], [0.14555630657745144, 0.004674423268133101], [0.3211837210244792, 0.022228177913305423], [0.00047908698557717205, 6.267294500045966e-06], [0.4761368236155894, 0.049583177632854795], [0.1457602290317539, 0.004687937117746895], [0.3239651728596839, 0.022634094107909265], [7.716313999130084e-05, 1.2139135762714724e-06]]', '[770.293016004898, 17.167130933877544, -215.05594002276248, 19.15730353266423, -32.33288176896407, -16.453611286155205, -100.73103326450124, -23.278042285003238, -47.72123096826212, -30.152412365164217, -8.469170988584107, -49.523646106896166, 26.10622336871056, -41.74859882023309, 25.683688783385747, -24.120140350452743, 15.516797043651781, -12.20514305956552, 21.116374590341376, -1.5883944489708242]', '[46679.860040628, 48622.59659798757, 48622.59659798757, 52301.73708642956, 52301.73708642956, 54159.48119506149, 54159.48119506149, 56192.83962583005, 56192.83962583005, 56546.79232626506, 56546.79232626506, 68592.96135542603, 68592.96135542603, 88858.47711891819, 88858.4771189182, 113145.46367962427, 113145.46367962427, 234423.56050947745, 234423.56050947748, 1185760.956862745]']",1
52,"['[[0.45837176877849867, 0.06513978693720321], [0.14012672482741548, 0.006109249744819307], [0.3092028367118145, 0.02950761690664992], [0.00046121594986093194, 1.9946650220137136e-06], [0.4583758356597168, 0.0651406804265522], [0.14032304050972458, 0.006123793672679945], [0.3118805340586141, 0.03000306068669595], [7.428477912516211e-05, 9.474117463068497e-07], [0.45837176877849883, 0.06514014854489238], [0.1401267248274154, 0.0061124818306506155], [0.3092028367118145, 0.02949785865441484], [0.00046121594986093167, 3.1464492426549735e-06], [0.45837583565971696, 0.06514152825876826], [0.14032304050972458, 0.006126900758893108], [0.3118805340586143, 0.030014861301557033], [7.428477912516207e-05, 1.211910147340779e-06]]', '[713.8793864162344, -10.192927220564435, -324.5666802544574, -9.296449978268594, -94.21928816073384, -20.939856029572894, -101.2365924229459, 7.38763236616005, -45.268847169755915, 31.896017298944745, 5.315112516726101, 20.594524632826015, 27.335331218618386, 2.987667571117591, 25.52220169623213, -4.7611995472055, 12.223534045000086, -8.738786599061335, 2.0147885088575612, -8.945031832283934]', '[34499.75278089938, 34617.4173036229, 34617.417303622904, 35106.999056655186, 35106.99905665519, 36313.95061233377, 36313.95061233377, 51920.21854717816, 51920.21854717817, 54614.41755311661, 54614.41755311661, 58674.258663857065, 58674.25866385707, 98768.77602658384, 98768.77602658384, 110781.04648206923, 110781.04648206923, 340117.76660919475, 340117.76660919475, 1057900.8470588236]']",1
44,"['[[0.4718044406647837, 0.05995247842516463], [0.1442331651566755, 0.005626339664343271], [0.31826408466547146, 0.027127723757688002], [0.0004747319710149242, 2.3227309924492383e-06], [0.4718086267267293, 0.05995359728475593], [0.14443523390740268, 0.005640507567705179], [0.32102025244243365, 0.027585575190910046], [7.646170870961833e-05, 1.0827584165422169e-06], [0.4718044406647835, 0.05995329690338699], [0.1442331651566754, 0.005631899360686703], [0.3182640846654715, 0.02712252995997105], [0.000474731971014924, 3.955376960252047e-06], [0.4718086267267293, 0.05995426093169719], [0.14443523390740257, 0.0056431512361256875], [0.32102025244243343, 0.02759254632664593], [7.64617087096184e-05, 1.3921592788372792e-06]]', '[739.5674284549681, -44.599807960780225, -297.50945140998977, -1.021599252688252, -70.0843854082134, -22.227698414271426, -97.29206371661795, 0.08914128110731233, -64.77954428899628, 29.235980471107858, -23.12167277483823, 17.98831611347557, 7.794568684892324, 7.816317515630363, 25.114768301101172, 4.301231009209571, 23.207929742796598, -0.10994186054407348, 15.989668930940054, -5.289119843299456]', '[34320.083527336836, 34715.54940695743, 34715.54940695743, 38207.81989582753, 38207.819895827546, 52462.309950683404, 52462.309950683404, 55631.1293705488, 55631.129370548806, 63796.62698979689, 63796.62698979689, 74263.62837987246, 74263.62837987246, 77556.4701275059, 77556.4701275059, 108234.16055578213, 108234.16055578215, 316081.0825981631, 316081.0825981631, 1103079.137254902]']",1
50,"['[[0.5332455821803831, 0.03149558017193738], [0.1630160538873276, 0.00296962409212099], [0.3597103004698652, 0.01416080826774271], [0.0005365543527034239, 2.8537021176153333e-06], [0.5332503133758677, 0.03149637050926091], [0.16324443721595863, 0.0029752592125303805], [0.36282539258036367, 0.014397428778102404], [8.64190008850221e-05, 6.37270238447692e-07], [0.5332455821803831, 0.031495892035522895], [0.16301605388732762, 0.0029729129705718545], [0.35971030046986524, 0.014160560295940762], [0.0005365543527034234, 4.2280579105017605e-06], [0.5332503133758676, 0.03149614963667714], [0.1632444372159586, 0.002974359685276848], [0.36282539258036367, 0.014396122386359423], [8.641900088502216e-05, 6.428219874414411e-07]]', '[414.8687686592269, -38.436721266985785, -89.8671410405558, 3.1611670079346714, -32.93096459142626, 6.058038085332333, -32.62800285542798, 3.328559544174914, -12.770161658330437, -4.652608752157192, -10.66202356064162, -2.2127658358812283, -8.82862985883897, -3.353220816739232, -3.196575082365696, 0.21619558352835216, -4.7800157650775414, -1.6215231215667902, -3.4392865831634634, -0.9367887923625167]', '[6788.429982854037, 6799.949698447221, 6799.949698447221, 6922.742286413342, 6922.742286413342, 9990.049284454177, 9990.049284454179, 12370.362422823566, 12370.362422823566, 13752.852550250393, 13752.852550250394, 17209.316847509257, 17209.316847509257, 18749.639065848827, 18749.63906584883, 22591.71304157038, 22591.71304157038, 50463.7904526218, 50463.7904526218, 307119.47843137255]']",1
51,"['[[0.4284788471707532, 0.034442754498967026], [0.1309882972763934, 0.0032580966370308654], [0.28903803427786395, 0.015465498671414803], [0.0004311375437012865, 4.089972422324513e-06], [0.4284826488284783, 0.03444333635910562], [0.13117181014295054, 0.0032633804542728196], [0.29154110438466063, 0.015721860999572488], [6.944026375512749e-05, 2.1794841109449426e-06], [0.4284788471707532, 0.034444120632682255], [0.13098829727639344, 0.003270924777786023], [0.28903803427786384, 0.015475760328543775], [0.00043113754370128625, 7.710848358440854e-06], [0.4284826488284784, 0.0344446709821113], [0.1311718101429506, 0.0032680585274475413], [0.29154110438466047, 0.01573693052923659], [6.944026375512757e-05, 2.310477456706921e-06]]', '[447.7859602973384, 22.46643212975586, -130.0548557967819, -12.10471002574264, -20.67717917058849, -24.030690130530562, -3.376297228905909, -21.22798438648483, 9.787492394705687, -11.35154584483879, 10.435535608884177, -9.854572568410575, 14.405200065403161, -6.384199763108859, 13.465480887363462, -0.9084473037813305, 17.88874313696248, -1.5839807268032582, 12.862218240366543, -0.30864093104244594]', '[13797.478624269423, 15695.447648912388, 15695.447648912388, 17053.104171211053, 17053.104171211053, 17869.572466134443, 17869.572466134447, 19001.16365789563, 19001.16365789563, 19200.215215929984, 19200.215215929984, 22522.762703520566, 22522.762703520566, 22848.590905542696, 22848.5909055427, 50323.6965479902, 50323.696547990214, 93863.17986815807, 93863.17986815807, 445271.29803921573]']",1
45,"['[[0.5312234238504384, 0.0323406495804965], [0.16239786916663076, 0.003057650525762939], [0.35834621756928525, 0.01454440391326654], [0.0005345196469504933, 2.2830575093409343e-06], [0.5312281371044215, 0.03233916114849337], [0.1626253864266701, 0.0030565545434254153], [0.36144949671841975, 0.014753431813124837], [8.609128527265714e-05, 6.965436164365957e-07], [0.5312234238504383, 0.032336854114942325], [0.16239786916663082, 0.0030474138253015226], [0.3583462175692852, 0.014487630633342395], [0.0005345196469504933, 3.401974263869297e-06], [0.5312281371044216, 0.032339416938626735], [0.16262538642667004, 0.0030572325799739673], [0.3614494967184197, 0.014760125084049402], [8.609128527265721e-05, 7.427765849821168e-07]]', '[312.13058807352223, -0.6341829006494801, -68.10059013272556, 0.10429158208468632, -24.0517754653415, -7.2075056709637195, -40.82812838671066, -1.4851046312226175, -25.051709871336794, 2.39037637671301, -16.353031552498063, 2.2503566342353816, -8.303397683742498, -0.8013716694013611, -3.347715752047866, 1.5368684490685363, -0.5129954232712464, -0.32489875545311075, -1.1142992456383998, -0.5229436119859645]', '[4076.2988169396754, 4604.944009487495, 4604.944009487496, 5218.121094936874, 5218.121094936874, 6489.262569043839, 6489.262569043841, 6992.894426324969, 6992.89442632497, 9630.179652374187, 9630.179652374189, 10085.507228985434, 10085.507228985434, 11648.014260239539, 11648.014260239543, 16254.579485912698, 16254.5794859127, 26922.209410025465, 26922.20941002547, 174505.28627450982]']",1
36,"['[[0.4814994564245432, 0.05564615178268871], [0.14719698382549465, 0.005264442017891702], [0.3248040301400193, 0.02507445635786243], [0.000484487144014497, 7.762901709011177e-06], [0.48150372850504497, 0.05564509563209754], [0.14740320484685335, 0.005263604280056945], [0.3276168338613073, 0.025463376572183873], [7.803290517803936e-05, 2.335984426160165e-06], [0.4814994564245433, 0.055641205985693235], [0.14719698382549465, 0.005251261732951032], [0.32480403014001924, 0.02500099517902122], [0.00048448714401449583, 6.88377534903422e-06], [0.48150372850504486, 0.05564410243474755], [0.1474032048468534, 0.005260322726305787], [0.32761683386130735, 0.02545014450677467], [7.803290517803936e-05, 2.1450692172144036e-06]]', '[480.1119475057257, -41.77112613362057, -184.60389312877777, 20.641815433234918, -58.52109264627461, 13.55127194900215, -46.42855795452115, -12.005599592365762, 0.465263633511796, -0.3196709254610912, 12.863489333614986, 2.626536830063303, 23.706061214695495, -2.630898560041403, 17.533290355481668, -6.996075838052381, 13.48253023491706, -9.213441871523639, 8.851020594773303, -6.777471719094538]', '[11328.844491476684, 12272.48383270163, 12272.483832701631, 14656.22773094012, 14656.227730940127, 14793.679087789402, 14793.679087789405, 16232.278111446969, 16232.278111446969, 18806.12602543428, 18806.126025434285, 22574.004019742093, 22574.0040197421, 32599.120485651783, 32599.120485651783, 39364.357009788735, 39364.357009788735, 127729.1824568002, 127729.18245680022, 455514.67058823525]']",1
37,"['[[0.5166189525180561, 0.034285526133508056], [0.15793320341922623, 0.003234378653413497], [0.3484945114385111, 0.015393503899282774], [0.0005198245553750864, 3.7852958929551604e-06], [0.5166235361945779, 0.03428754951553868], [0.15815446574178973, 0.003243767227254933], [0.3515124747876733, 0.015667513571750946], [8.372445118499734e-05, 1.1706188144738568e-06], [0.5166189525180563, 0.034288424105356013], [0.15793320341922626, 0.0032538841757909207], [0.34849451143851135, 0.015428360499486954], [0.0005198245553750855, 8.522211876372084e-06], [0.5166235361945779, 0.03428750282726586], [0.1581544657417898, 0.0032435545839490953], [0.351512474787673, 0.015665122935040326], [8.372445118499734e-05, 1.0969664952025835e-06]]', '[554.1249143267188, -12.782201662546235, -119.6782624014293, 3.4974145840680757, -42.027841650111014, -18.12238473309014, -72.13688823606586, 12.57556434130785, -23.178136293886283, 10.166724528703703, -16.589980062431525, 11.500821869606169, -3.7873869619058347, 8.382438927476283, 6.145526730866449, 4.681216082972565, 4.748921746658854, 6.8466799537315985, 4.675505050114577, 1.4735239967122484]', '[17269.034772783165, 17521.10342365484, 17521.10342365484, 18854.857139930777, 18854.85713993078, 18995.874226015418, 18995.87422601542, 24771.51130992871, 24771.511309928712, 25160.016869499384, 25160.016869499388, 27770.31676791923, 27770.31676791923, 30512.678767846097, 30512.678767846097, 55203.41048339451, 55203.41048339451, 86799.8185450215, 86799.8185450215, 565533.2745098039]']",1
23,"['[[0.45412223298704635, 0.05650372390913248], [0.1388276187893624, 0.005314047814117841], [0.3063362366920813, 0.025504029181709114], [0.00045694004584584424, 3.1787199015599716e-06], [0.45412626216446517, 0.05650422962420412], [0.13902211444134874, 0.005325155088066656], [0.30898910927547085, 0.025921337237291304], [7.359608961774796e-05, 1.426648608067192e-06], [0.45412223298704646, 0.05650296807687363], [0.13882761878936245, 0.005315298735748968], [0.30633623669208154, 0.025471611251880102], [0.00045694004584584375, 4.220775367342378e-06], [0.4541262621644649, 0.05650441106733005], [0.13902211444134868, 0.005326560282198049], [0.30898910927547096, 0.02591648112968402], [7.359608961774793e-05, 1.7042858029610413e-06]]', '[567.9975315137016, -37.297864170414485, -236.96261507087004, 24.33824347026909, -70.38960529176458, 12.585639008503845, -74.24657835812866, 6.719193193862416, -30.725990105874104, 2.3756042527732486, -20.80161596404202, -3.7552884200421017, -6.715681026945194, 2.583619087507926, 4.3474467453698225, 1.549818761698626, 2.73098967154798, -2.7920855615877995, 19.362762855763002, 2.299429840716681]', '[17595.80360626304, 18181.253307143805, 18181.25330714381, 18471.969761258122, 18471.969761258126, 18490.21760921627, 18490.21760921627, 19237.262663753034, 19237.262663753034, 26246.19748601954, 26246.19748601954, 34116.57551466021, 34116.57551466021, 59296.01524093732, 59296.01524093732, 62544.48467451209, 62544.48467451209, 203133.05102327795, 203133.05102327795, 675979.1098039215]']",1
35,"['[[0.539916913437762, 0.03653365632649078], [0.165055515876504, 0.0034369905901208116], [0.36421056573472416, 0.016478627698725358], [0.0005432670793421278, 1.8527986550224552e-06], [0.5399217038243088, 0.03653488231145069], [0.16528675646432264, 0.0034470509129670675], [0.36736463015378146, 0.016762308753414133], [8.750017211475506e-05, 1.0826526159633718e-06], [0.5399169134377622, 0.03653508423403849], [0.1650555158765039, 0.0034490889387663905], [0.3642105657347241, 0.016487429275549085], [0.0005432670793421261, 4.9085019520733674e-06], [0.5399217038243089, 0.03653509742981411], [0.16528675646432264, 0.0034480384579871686], [0.3673646301537814, 0.01676292035725746], [8.75001721147551e-05, 1.1253507989917378e-06]]', '[540.8623761006038, -3.9665584432571364, -134.90608685313777, 12.20058380858464, -53.19674745771965, 10.684798691945405, -61.58867105907554, -10.39152911749209, -23.906592543079157, 0.2400357720823202, -5.229723274875761, -7.478774679930572, 6.509194071912288, -5.231726963227033, 4.009117397374757, -3.1923704253387895, 4.449831050143732, -3.1666596193010204, 1.9747890164937025, 1.0162375267317179]', '[13610.829369144405, 13829.12719526449, 13829.127195264491, 16120.239074499541, 16120.239074499541, 16293.696604140672, 16293.696604140674, 19426.844108447927, 19426.844108447927, 20433.285731288437, 20433.285731288437, 25022.510881826016, 25022.51088182602, 35940.660204320084, 35940.660204320084, 43097.023639633495, 43097.023639633495, 91176.37978122906, 91176.37978122906, 515536.89803921565]']",1
34,"['[[0.33498339743299355, 0.0380897416707213], [0.10240623343565665, 0.00359331199386969], [0.22596901422106364, 0.01714551689291058], [0.00033706195790901745, 2.8341881900956208e-06], [0.33498636955688954, 0.03809038723551482], [0.1025497032099941, 0.0036010125899062794], [0.227925906454891, 0.01743480992225999], [5.428817694252678e-05, 1.5630883411185061e-06], [0.33498339743299366, 0.03809024946207441], [0.10240623343565665, 0.003605545929014602], [0.22596901422106375, 0.017150447558337126], [0.00033706195790901707, 7.575435576930025e-06], [0.33498636955688976, 0.038090867899426374], [0.10254970320999411, 0.003602945610980092], [0.227925906454891, 0.01743778905291334], [5.4288176942526806e-05, 1.7015106354314632e-06]]', '[348.7154619964698, -15.387095229967414, -159.86119534414468, 24.268978863985268, -11.44892784744339, 7.1024950080113864, -23.65780682432458, -18.979039417225806, 8.471841520121536, -8.153673503666424, 2.9114948607882454, -10.179132543103254, 9.548498035919474, 2.1181376857192684, 6.678757966529704, 6.2973511457641465, 0.2085130725533898, 3.5678572167331914, -1.266240207104201, 5.061052707610484]', '[11052.127028951903, 11728.414236392999, 11728.414236393, 13014.622470597142, 13014.622470597144, 13173.166202150565, 13173.166202150565, 15752.09897308196, 15752.09897308196, 22371.810698376186, 22371.810698376194, 29441.333995730158, 29441.333995730158, 32470.91244653649, 32470.91244653649, 33217.258552770945, 33217.258552770945, 113310.02018445164, 113310.02018445164, 345407.90196078434]']",1
30,"['[[0.44926333856184014, 0.04827922589774909], [0.13734222852656172, 0.00454384813315583], [0.30305858295795035, 0.021749232943703567], [0.00045205100214760905, 2.994936329704084e-06], [0.44926732462895413, 0.048280186954591006], [0.13753464316649763, 0.004554976950293437], [0.3056830710517246, 0.022105245117685534], [7.280864605391152e-05, 1.611906429962291e-06], [0.4492633385618401, 0.048280190887343914], [0.13734222852656167, 0.004551478793920067], [0.30305858295795063, 0.021741345084375824], [0.0004520510021476085, 5.347938158002332e-06], [0.4492673246289542, 0.04828088219616764], [0.13753464316649758, 0.0045577276595438945], [0.3056830710517247, 0.02211588497881289], [7.280864605391152e-05, 1.9331129988734427e-06]]', '[693.3274586521179, 39.0492031788193, -234.09162196026688, 69.3733986618059, -37.048167108843685, 50.52351710358492, -69.10682563022667, -20.623517752544156, -45.49791357080245, 8.293662552561301, -31.331142348580677, -20.71863137894477, -20.165853033109187, -26.81332193013487, -15.237909869453713, -26.45284146476355, 9.532218343879206, -26.944266566592752, -1.7037375889018862, -15.965532806301312]', '[36647.87419450842, 39305.507772662, 39305.507772662, 40686.75603541975, 40686.75603541975, 40817.573362889525, 40817.57336288954, 45262.55389428457, 45262.55389428457, 52880.79442478301, 52880.79442478302, 57254.9053832817, 57254.9053832817, 57955.274120264614, 57955.27412026462, 109325.2261817163, 109325.22618171631, 243142.97964986926, 243142.97964986926, 1018096.545098039]']",1
24,"['[[0.40219496196067017, 0.04612731085708336], [0.1229531716401798, 0.004363327273348999], [0.2713077715951884, 0.02071187603639018], [0.0004046905678861985, 3.989375590450537e-06], [0.40219853041590264, 0.046127210555903624], [0.12312542740232911, 0.0043674991289007255], [0.2736572975823762, 0.021050777412572014], [6.518063709315996e-05, 1.5567562653704915e-06], [0.4021949619606704, 0.046125798417040106], [0.12295317164017983, 0.004367139810314402], [0.2713077715951885, 0.02069184405043397], [0.0004046905678861983, 8.042525264389357e-06], [0.4021985304159028, 0.04612741092074411], [0.12312542740232917, 0.004369004979268011], [0.2736572975823762, 0.02104332860144702], [6.518063709316002e-05, 1.6732466305537625e-06]]', '[396.0869427664966, -48.82567988441305, -155.39305008603793, 39.586383183525705, -36.3230714649753, 14.356477044987363, -45.45089669721271, 1.3881342909034275, -4.286990452640257, -1.413539056777441, -3.8024770990917514, -0.17153574741936778, 11.593088235541142, 1.588782377282048, 10.220787120903513, -3.1477882691957015, 8.30245390370469, -1.3934511546503745, 10.520327250860749, -2.4828708876155554]', '[8869.407532781648, 9571.83806463937, 9571.838064639373, 12268.00133971669, 12268.001339716691, 15287.927868646588, 15287.92786864659, 22083.0479934595, 22083.0479934595, 24218.283572906697, 24218.283572906697, 26540.241984892844, 26540.241984892844, 28279.147283030026, 28279.147283030026, 30844.192473352563, 30844.192473352563, 111189.43797457994, 111189.43797457994, 371156.9254901961]']",1
25,"['[[0.4666969594121882, 0.031804797614831834], [0.14267178055842503, 0.0029912174900560786], [0.31481874226150236, 0.014330903962181887], [0.00046959279801657395, 1.7179174492844296e-06], [0.46670110015825517, 0.03180619111100134], [0.14287166183004615, 0.003000856160763135], [0.31754507336454507, 0.014585078829842295], [7.563397859494274e-05, 9.641667583540667e-07], [0.46669695941218836, 0.03180672832925448], [0.14267178055842508, 0.003000730760797698], [0.3148187422615022, 0.014358249078262353], [0.00046959279801657395, 4.1107655133332976e-06], [0.46670110015825517, 0.03180641630403578], [0.14287166183004613, 0.003001373538861397], [0.317545073364545, 0.014590036758252193], [7.563397859494279e-05, 9.80263077517108e-07]]', '[416.18687328252184, -29.295463151224247, -110.06941929469986, 3.1443063592131586, -30.104965115042567, -5.737952864027482, -25.29758070535818, 5.782669764321891, -10.10697351633812, -6.496406343537989, -6.686491490525498, 0.050901834012678504, -5.767365530067055, 2.4744223099400573, -2.3787922697361985, 1.1673610668281025, -2.6182232236756873, 3.5658060337376583, -1.8701615120937363, 2.6991753682693993]', '[6431.537813570722, 8480.053602280965, 8480.053602280967, 9229.237231671123, 9229.237231671124, 10222.647531637951, 10222.647531637953, 16061.62526411835, 16061.625264118353, 16864.792852315048, 16864.792852315048, 18318.39701740622, 18318.397017406227, 18774.891543659534, 18774.891543659534, 43330.24864854704, 43330.24864854704, 67862.0204893629, 67862.02048936293, 353146.5176470588]']",1
31,"['[[0.44301359670694884, 0.028498304095422054], [0.1354316486942206, 0.0026919925071045986], [0.2988427083298106, 0.01280640260481808], [0.00044576248085915647, 2.6324584764022525e-06], [0.4430175273235321, 0.02849919367502826], [0.13562138663716064, 0.0026990960680554187], [0.3014306869386585, 0.013017116499607767], [7.179579856874206e-05, 1.5118208636960439e-06], [0.44301359670694884, 0.028499285667917016], [0.1354316486942206, 0.002705016162292316], [0.2988427083298107, 0.012801423764978066], [0.00044576248085915603, 6.967626088520736e-06], [0.4430175273235323, 0.028499332061760658], [0.13562138663716058, 0.0026996212959103146], [0.3014306869386583, 0.013018282094767972], [7.179579856874215e-05, 1.483714803189669e-06]]', '[561.828400520988, 1.7965955453961568, -145.01029052463852, 16.453714142396024, 3.5628999817011593, 4.272040348097505, -47.90469556665873, 4.100085867873234, -33.06245537947955, 5.7378887601692155, -38.85329785960951, -1.3329947851704675, -21.24197341641092, -3.1213363667104232, -14.401811924991813, 5.832876534247092, -16.312650601051054, 1.9167212374454996, -5.9798043975744894, 0.08455786338271848]', '[22978.86459069059, 23236.559073631728, 23236.559073631728, 23624.919711763385, 23624.919711763385, 26860.151733970964, 26860.151733970964, 27333.126997281943, 27333.126997281946, 28450.935595143055, 28450.935595143055, 29484.65360424506, 29484.653604245068, 34102.66833754939, 34102.66833754939, 41092.91787528709, 41092.917875287094, 123906.9070811866, 123906.9070811866, 677959.0549019608]']",1
27,"['[[0.5122239049331784, 0.034958186620222945], [0.15658961364019003, 0.0032869400809957946], [0.34552975384807505, 0.015754276620434687], [0.0005154022366708929, 1.1666674095459458e-06], [0.5122284496148544, 0.034958914323446354], [0.15680899361129955, 0.0032956097796359544], [0.34852204238901663, 0.016008446100377088], [8.301217970292677e-05, 4.0125519735967224e-07], [0.5122239049331783, 0.034958509497962066], [0.15658961364019, 0.0032927153623259204], [0.34552975384807516, 0.015732445934467057], [0.0005154022366708925, 3.6240178334571498e-06], [0.5122284496148543, 0.03495897070263922], [0.15680899361129957, 0.003295953651056958], [0.34852204238901663, 0.016006722287782927], [8.301217970292679e-05, 4.6768850389104213e-07]]', '[346.86018494809167, 1.404158230937525, -76.3580730913698, 19.274152607757742, -26.147158982780432, 9.900757549773804, -49.70571912561878, -10.917657235993158, -22.927237129873276, -2.194001632922977, -13.395502806497422, -3.4372838441917866, -9.018171841981543, -4.526826372350262, -4.307865072350809, -3.5202514671768803, -0.7157731464358668, -6.309262400621078, -1.752018336295949, -1.9977137524685815]', '[6147.017337174992, 6340.685722721027, 6340.685722721028, 6414.366570894633, 6414.366570894635, 7583.749383956962, 7583.749383956963, 9709.481653954328, 9709.48165395433, 10487.075416012469, 10487.075416012469, 12988.870292804102, 12988.870292804102, 19067.478777897162, 19067.478777897166, 24490.121164763186, 24490.12116476319, 35022.40086135726, 35022.40086135726, 223492.1137254902]']",1
33,"['[[0.42895964079380594, 0.03184482715803837], [0.1311352784831458, 0.0029982608152308216], [0.2893623621755375, 0.014340923877423946], [0.0004316213206322574, 1.8417395337375533e-06], [0.42896344671734926, 0.031846474198988874], [0.13131899726842347, 0.0030089782817850773], [0.29186824096274716, 0.014595672552724473], [6.95181822713319e-05, 1.2200143747845139e-06], [0.4289596407938061, 0.03184741392007017], [0.13113527848314574, 0.003017189342469584], [0.28936236217553757, 0.014366489502565593], [0.0004316213206322571, 6.7681780499268465e-06], [0.42896344671734926, 0.03184682697835562], [0.13131899726842347, 0.003010411427393146], [0.29186824096274716, 0.014597096733866019], [6.951818227133203e-05, 1.2923693415285017e-06]]', '[432.87746955978366, 1.727339305425123, -139.70771854801305, 20.475210240889943, -27.0781719573857, -4.958371474743327, -42.24849068233513, -5.80396969900605, -10.419801451748462, -0.2346024123826011, -5.6689414673976035, -5.210030949830735, -0.48076480257097265, -5.031520951934059, -0.7505120087256807, -3.03819820931437, -0.1547102363175405, 2.2505393272835645, -1.2183120490086168, 0.15110135349766457]', '[11231.701516033705, 12282.919200391136, 12282.919200391136, 14720.094152554142, 14720.094152554142, 15984.252053879329, 15984.25205387933, 17949.438608962802, 17949.438608962802, 18137.764365991894, 18137.7643659919, 22713.69171872167, 22713.69171872167, 24593.432616979804, 24593.432616979804, 29073.170047858723, 29073.170047858723, 95005.12749296176, 95005.1274929618, 415648.9372549019]']",1
32,"['[[0.34072938079900716, 0.04388743475326955], [0.10416281157775727, 0.004150079573506932], [0.22984506959246004, 0.01953403400008699], [0.0003428435949044705, 2.935431446365237e-06], [0.34073240390386134, 0.04388768321192596], [0.10430874229476586, 0.004156123474190256], [0.2318355284755923, 0.019833041267538334], [5.521938417271609e-05, 1.1643753934576725e-06], [0.3407293807990072, 0.04389088309118133], [0.10416281157775725, 0.004166772065364726], [0.22984506959246012, 0.019576151432305906], [0.00034284359490447053, 6.654443382821516e-06], [0.34073240390386117, 0.04389208145370909], [0.10430874229476589, 0.004169875166227756], [0.23183552847559227, 0.01991084644111079], [5.5219384172716115e-05, 1.575753228435348e-06]]', '[292.7181668410042, 24.267326865952445, -117.58740393902275, -16.455021315091308, -18.613725352591025, 3.551447246225152, -34.77630654761182, -18.53895070614966, 3.6751986738423685, -2.004036111552857, 4.696682292341143, -7.8892356648782815, 1.8714976386870403, 9.313017017232717, 1.3933838648919625, 7.561391519656903, 3.621325272566383, 2.313864244968503, -1.5080195370857015, -10.064517185100177]', '[11011.437432190904, 11250.555126019699, 11250.555126019699, 11938.523776389446, 11938.523776389447, 12284.682114134708, 12284.682114134708, 13082.96827696078, 13082.96827696078, 15548.708827582108, 15548.70882758211, 18418.40317104874, 18418.403171048743, 20334.05267621508, 20334.052676215084, 21765.28474852462, 21765.28474852462, 70098.26931616715, 70098.26931616715, 239278.0784313725]']",1
26,"['[[0.5217968725892791, 0.0504588221798874], [0.15951612154468625, 0.004732868211995369], [0.35198736960155985, 0.022804483631018946], [0.0005250346042625152, 1.8911956637881568e-06], [0.5218015022066449, 0.05046111185506192], [0.15973960151454156, 0.004748930570402763], [0.355035581111235, 0.02320769007379482], [8.456359677601758e-05, 8.733467200450971e-07], [0.5217968725892788, 0.050461700051334005], [0.15951612154468614, 0.004746719053223851], [0.35198736960156013, 0.022834828263579], [0.0005250346042625149, 4.786776872052575e-06], [0.5218015022066447, 0.0504611428887482], [0.1597396015145416, 0.004749065259185878], [0.35503558111123507, 0.02320714227155179], [8.456359677601752e-05, 8.922445908117952e-07]]', '[901.8731774314704, 6.507430760375904, -252.25120565076685, 12.544151715201101, -49.29817239174375, -43.22199382341403, -98.59332045745097, -13.94747699262043, -58.99105519586108, 8.890420876508962, -41.38735906803604, 9.313880353711697, -14.712743689754266, 4.86670542071702, -9.29349365190328, 0.0473255300433277, 11.510660825128017, -5.736554625559663, 12.883925850273371, -7.294718135038417]', '[63934.32980228941, 68912.42704426762, 68912.42704426762, 71522.59260299342, 71522.59260299343, 71630.0417991326, 71630.04179913261, 73177.34512319075, 73177.34512319075, 74132.72322940583, 74132.72322940585, 81645.73632408651, 81645.73632408652, 93265.23110885541, 93265.23110885543, 116766.0824516666, 116766.08245166663, 293394.4394782578, 293394.4394782578, 1483209.8901960782]']",1
28,"['[[0.4767826901482678, 0.034182297780093567], [0.1457550429052843, 0.0032163185539285308], [0.32162225147896095, 0.01539251410782688], [0.00047974111036547495, 1.9198977291518503e-06], [0.47678692037949005, 0.03418407785197183], [0.14595924378654523, 0.003227451191548568], [0.32440750098900867, 0.01566794561869477], [7.726849522767959e-05, 1.0792285923167517e-06], [0.47678269014826774, 0.034185327019768556], [0.14575504290528432, 0.003236460430615456], [0.32162225147896106, 0.015429036875326714], [0.0004797411103654744, 6.825548128022263e-06], [0.47678692037948994, 0.03418468331730537], [0.14595924378654526, 0.0032297866803113894], [0.3244075009890087, 0.01567323661641165], [7.726849522767968e-05, 1.1621890237973686e-06]]', '[497.58864209517105, 4.462374902620693, -130.43483875372573, -7.221229007287988, -21.712709570694386, 13.366757701820095, -47.382646079496816, -6.040531899512549, -26.5848172033188, 2.311902247021757, -17.482209955457243, -4.829209692751382, -8.56820151352893, 0.3624319703709061, -6.194044624497963, 1.544405314813196, -0.4481474697529485, -1.3179773865979079, -2.4143958610465113, 0.8185037178276162]', '[16906.629994795014, 17832.230939119883, 17832.230939119894, 18310.760693283974, 18310.76069328398, 18718.035283689955, 18718.035283689955, 22405.4641356662, 22405.464135666214, 22462.949977002983, 22462.949977002983, 25922.52208547071, 25922.522085470715, 34264.275824045355, 34264.27582404537, 35578.16901727778, 35578.16901727779, 91691.16712053817, 91691.16712053817, 494121.3058823529]']",1
29,"['[[0.612874237047421, 0.014629315655365238], [0.18735896365828825, 0.0013810496808891574], [0.413425227185459, 0.006598807130123765], [0.000616677100639056, 1.795189300273358e-06], [0.6128796747442721, 0.014628715755037663], [0.18762145108053152, 0.0013797429647967316], [0.41700549069696896, 0.006691439197433644], [9.932380314759376e-05, 1.236278300418105e-07], [0.6128742370474209, 0.014627502588477722], [0.18735896365828833, 0.001374289012331316], [0.4134252271854591, 0.0065611797111045965], [0.0006166771006390549, 7.801890906250116e-07], [0.6128796747442721, 0.01462859334985765], [0.18762145108053147, 0.0013794745203162633], [0.41700549069696874, 0.006687635249824673], [9.932380314759382e-05, 1.3179702102722686e-07]]', '[519.4568654478977, -26.49022781379172, -48.4487110422411, -3.013642614003929, -16.810333758249293, -22.11843783589133, -35.68875402051514, -8.66895540248995, -19.256706753665632, -3.374566540448548, -17.856127884345305, -1.4298071482694268, -12.285907036016035, 0.06454508210771825, -8.20925151363118, 1.1014619491399888, -6.747409930149578, 1.691220981153597, -3.969437155435064, -0.5280329257559154]', '[8135.097599750512, 8610.852676888158, 8610.85267688816, 8939.46971275621, 8939.46971275621, 9153.064562240974, 9153.064562240976, 9728.17556265334, 9728.17556265334, 12107.932453199955, 12107.932453199955, 13733.19859133236, 13733.19859133236, 20290.385804513204, 20290.385804513207, 22388.111965542594, 22388.111965542594, 29411.312197445903, 29411.312197445903, 418929.32156862743]']",1
39,"['[[0.4900293949319196, 0.04835543812892346], [0.14980463208708614, 0.004539111288049486], [0.33055805201289024, 0.021841130567652054], [0.0004930700104973496, 1.764698273111662e-06], [0.4900337426938858, 0.048357148345526575], [0.1500145063890617, 0.00455289016993957], [0.3334206855781289, 0.02221975732631282], [7.941528655737302e-05, 8.991532723346857e-07], [0.4900293949319198, 0.0483572845497027], [0.149804632087086, 0.004548874997447095], [0.3305580520128903, 0.0218543723101695], [0.00049307001049735, 4.212342764471893e-06], [0.4900337426938853, 0.04835724222737143], [0.15001450638906144, 0.004553946956071768], [0.3334206855781289, 0.022217470605537304], [7.941528655737298e-05, 1.144119389417593e-06]]', '[793.4275329602342, -23.030967886921093, -237.8848493838567, -0.20464596106482147, -75.11738208268318, -35.014118122788304, -120.94205326872003, -1.0647205081653568, -49.18170957988062, 8.550850756208378, -45.367532373806455, 25.50687165211806, -18.046471117654576, 16.132510991011788, 0.6423697385575268, 8.829401467167514, -1.9204849422697348, 6.944609452796437, 10.573079677646383, -5.856457949538471]', '[36477.95530108158, 41241.73353571737, 41241.73353571738, 42141.377694553186, 42141.37769455319, 43068.02734673293, 43068.02734673293, 55215.220675899305, 55215.22067589933, 60232.522023293604, 60232.52202329362, 69446.66944130692, 69446.66944130692, 82474.94424454734, 82474.94424454737, 136765.33188660274, 136765.33188660274, 259755.942441458, 259755.942441458, 1222378.0549019608]']",1
38,"['[[0.5836075577671865, 0.031169818467488432], [0.1784119817683644, 0.002937797893135854], [0.3936828676620997, 0.014020171971059132], [0.0005872288226190551, 2.546155763855825e-06], [0.5836127357968496, 0.031171933888424208], [0.17866193458768656, 0.0029496564711421745], [0.3970921622902786, 0.014266761802714677], [9.458077804407813e-05, 1.4188125462874883e-06], [0.5836075577671868, 0.03117232266635141], [0.1784119817683643, 0.002956613345025708], [0.39368286766209953, 0.014034485618344514], [0.0005872288226190536, 7.24360825965389e-06], [0.5836127357968495, 0.0311712318358953], [0.17866193458768664, 0.002946939072197447], [0.39709216229027844, 0.014258448109875978], [9.45807780440782e-05, 1.1317991488437952e-06]]', '[704.1205446077025, -10.525319523187207, -128.53044170620518, 11.185346607090107, -40.9790272384635, 23.003110784957116, -53.637222681949126, 3.231361813724462, -55.23810911097861, -4.96745813803782, -33.90107510234251, -9.202493259186195, -16.155348780636395, -10.777893954873306, -9.074731386626656, -10.927273889771518, -3.9757039276433166, -11.09262356341496, -1.237587052754216, -8.12580212557276]', '[22540.536789446036, 24705.543014744482, 24705.543014744486, 27287.10045448642, 27287.100454486423, 29088.220715238833, 29088.220715238833, 29881.176480576487, 29881.176480576487, 33761.50149466895, 33761.50149466895, 35517.491950090334, 35517.49195009034, 46002.39384496089, 46002.39384496089, 46647.66258335722, 46647.66258335722, 105218.552796673, 105218.552796673, 808325.4784313726]']",1
48,"['[[0.4208027905281305, 0.03023122676401318], [0.1286416853116408, 0.0028478251011745163], [0.283860013617943, 0.01363348658717951], [0.00042341385739083154, 2.504964573005884e-06], [0.4208065240804166, 0.030232693394753797], [0.12882191060596968, 0.0028569160242164398], [0.286318242052748, 0.013873992047812046], [6.819626442731333e-05, 1.53629192161394e-06], [0.4208027905281302, 0.03023321233086714], [0.12864168531164075, 0.002863281493678426], [0.28386001361794316, 0.0136506373776813], [0.00042341385739083116, 6.933283881237177e-06], [0.42080652408041663, 0.03023275081084868], [0.12882191060596973, 0.002857236906819238], [0.2863182420527481, 0.013872250829623905], [6.819626442731337e-05, 1.5530562286687298e-06]]', '[548.9003406576611, 40.37406774827171, -159.6655724621543, -7.161180669185381, -9.130108731223928, -5.701546705705079, -49.613665999981606, 11.283323393825212, -24.846471222983787, 4.198460230503399, -10.527963449880406, -8.719531099241436, 1.4098782237132839, -2.997801551242276, -0.12707055254883165, -8.728143913139172, 1.9734835083743416, -4.332508624610777, -0.0950995514659135, -3.225520363269154]', '[20276.45194419162, 20412.514987551032, 20412.514987551032, 24044.190364954255, 24044.19036495426, 26168.539186410002, 26168.539186410006, 27931.066941783425, 27931.06694178343, 36235.74675939797, 36235.746759397975, 38020.2547460817, 38020.2547460817, 43622.97123161787, 43622.97123161787, 67092.26764245146, 67092.26764245148, 144087.9297777383, 144087.9297777383, 681273.5568627451]']",1
49,"['[[0.4195979621598376, 0.036519668969832414], [0.128273362773632, 0.0034448785231808647], [0.2830472751933675, 0.016416307992932522], [0.0004222015531038931, 3.495630001650762e-06], [0.41960168502234263, 0.03652107227413102], [0.12845307205297204, 0.0034536104268902174], [0.28549846531136286, 0.01669758764527657], [6.800100718129905e-05, 1.4223457071680327e-06], [0.4195979621598374, 0.036522125856920454], [0.12827336277363208, 0.003462783191327495], [0.28304727519336725, 0.016438332602039026], [0.0004222015531038927, 8.011600010786014e-06], [0.4196016850223427, 0.03652192355609825], [0.12845307205297207, 0.0034568818187254674], [0.28549846531136286, 0.01670734388454118], [6.800100718129905e-05, 1.6621902905106316e-06]]', '[461.8117101076564, -24.145816573082072, -130.25046721922928, -8.453412101627027, -26.208199252270823, 3.4822077095198853, -1.9995163287705013, -12.66695560582799, 19.88373346562841, -8.561585154168323, 9.54236071231055, 0.5228465028434262, 15.667966089538723, -0.06734652555496781, 14.839641995302607, 5.618157670562157, 10.785427794531024, -2.214504507771559, 8.039033316493384, 0.44767014793205906]', '[20727.12426697516, 21260.19171903759, 21260.191719037597, 21896.353082869286, 21896.35308286929, 24318.821691468114, 24318.82169146812, 24921.7165072333, 24921.7165072333, 34176.89197769401, 34176.89197769402, 34400.05847902339, 34400.0584790234, 37044.9373587452, 37044.9373587452, 40225.52538329949, 40225.52538329949, 97141.63717280222, 97141.63717280222, 483626.0156862745]']",1
